"","identifier","modification","dpmk1-0","Guy11-0","dpmk1-1","Guy11-1","dpmk1-1.5","Guy11-1.5","dpmk1-2","Guy11-2","dpmk1-4","Guy11-4","dpmk1-6","Guy11-6"
"MGG_00124T0 [447-459]-1xPhospho [S]","MGG_00124T0 [447","459]",0.20228814481706,0,0.765828737761104,0.762405325853148,0.658675235052382,0.647071816707888,1,0.612853764973556,0.472670350819085,0.529733002896972,0.181987209611147,0.558480786981512
"MGG_00124T0 [447-459]-1xPhospho [S10(99.9)]","MGG_00124T0 [447","459]",0.20228814481706,0,0.7668667623953,0.765440413137641,0.659523043704204,0.647400137208975,1,0.615032374193979,0.472670350819085,0.530701324171314,0.181987209611147,0.559215621486864
"MGG_00124T0 [447-459]-1xPhospho [S7(88.8)]","MGG_00124T0 [447","459]",0.20228814481706,0,0.7668667623953,0.765440413137641,0.659523043704204,0.647400137208975,1,0.614438058275875,0.472670350819085,0.530230372110904,0.181987209611147,0.558480786981512
"MGG_00124T0 [447-459]-2xPhospho [S7(100); S10(100)]","MGG_00124T0 [447","459]",0.335663410155916,0,0.62261894153472,0.727979083346141,0.716739695321131,0.884669631824899,0.530482453906471,0.856667121489444,0.196606906891352,0.305611184991634,0,1
"MGG_00124T0 [421-446]-1xPhospho [T25(81.9)]","MGG_00124T0 [421","446]",0,0.320360975364147,0.555303474485004,0,0,0.563261205445475,0.754288919230302,1,0.277372276106517,0,0,0.907849472406642
"MGG_00124T0 [421-446]-1xPhospho [S11(100)]","MGG_00124T0 [421","446]",0,0.320360975364147,0.555303474485004,0,0,0.563261205445475,0.754288919230302,1,0.277372276106517,0,0,0.907849472406642
"MGG_00124T0 [392-401]-1xPhospho [S7(91.6)]","MGG_00124T0 [392","401]",0,0.351234449176558,1,0.800779544318313,0.607388722625392,0.948574345779775,0.606450062628225,0.580664887539974,0.341459890732959,0,0.494811196957097,0.205739863823988
"MGG_00124T0 [351-375]-1xPhospho [S5(100)]","MGG_00124T0 [351","375]",0,0,0,1,0,0.731676514855429,0.616832457687086,0.737555989540629,0,0.230214283640946,0,0.859179390880351
"MGG_00124T0 [351-375]-1xPhospho [T/S]","MGG_00124T0 [351","375]",0,0,0.295257179324478,0.412652083295488,0,0.533062701481489,0.446034480000297,0.533330239299349,0,0.166469041978528,0,1
"MGG_00124T0 [774-786]-1xPhospho [S3(99.9)]","MGG_00124T0 [774","786]",0,0.636294219927095,0.589639794190963,0.331185292089939,0,0,1,0.824196552053474,0,0,0,0.324215119563557
