"","identifier","modification","dpmk1-0","Guy11-0","dpmk1-1","Guy11-1","dpmk1-1.5","Guy11-1.5","dpmk1-2","Guy11-2","dpmk1-4","Guy11-4","dpmk1-6","Guy11-6"
"MGG_14517T0 [507-521]-1xPhospho [S4(100)]","MGG_14517T0 [507","521]",0.126653962869309,0,0.95142043747327,0.513663994969533,0.729873619281555,0.460088048484216,0.963065864262317,0.453902035789378,1,0.543978219799776,0.356606636965788,0.587883643364307
"MGG_09898T0 [263-282]-1xPhospho [S5(98.9)]","MGG_09898T0 [263","282]",0,0,1,0.349469048408569,0.775303791157609,0.38944034653498,0,0.351942349770607,0,0.225010068909771,0.376493814375968,0.212509249189926
"MGG_14517T0 [507-521]-1xPhospho [T9(85)]","MGG_14517T0 [507","521]",0,0,0.809251411263274,0.356197660194505,0.503103252748015,0.41296437797976,0.977618990179866,0.457211657144426,1,0.473474316566125,0.245193271047004,0.505535531234169
"MGG_14517T0 [507-521]-1xPhospho [T/S]","MGG_14517T0 [507","521]",0,0,0.809251411263274,0.356197660194505,0.503103252748015,0.41296437797976,0.977618990179866,0.457211657144426,1,0.473474316566125,0.245193271047004,0.505535531234169
"MGG_05871T0 [499-515]-1xPhospho [S3(95.5)]","MGG_05871T0 [499","515]",0,0,0,0.772287872621388,0,0.725788492392945,0,1,0.799402757793031,0.431942668719349,0,0
"MGG_05871T0 [499-515]-1xPhospho [S5(87.9)]","MGG_05871T0 [499","515]",0,0,0,0.772287872621388,0,0.725788492392945,0,1,0.799402757793031,0.431942668719349,0,0
"MGG_05871T0 [499-515]-1xPhospho [S/T]","MGG_05871T0 [499","515]",0,0,0,0.772287872621388,0,0.725788492392945,0,1,0.799402757793031,0.431942668719349,0,0
