id,identifier,modification,KEEP,sequence,dpmk1-0,Guy11-0,dpmk1-1,Guy11-1,dpmk1-1.5,Guy11-1.5,dpmk1-2,Guy11-2,dpmk1-4,Guy11-4,dpmk1-6,Guy11-6
MGG_14517T0 [507-521]|1xPhospho [S4(100)]|[R].GRASEGDATHSATHR.[H],MGG_14517T0 [507-521],1xPhospho [S4(100)],TRUE,[R].GRASEGDATHSATHR.[H],0.126653963,0,0.951420438,0.513663995,0.729873619,0.460088048,0.963065864,0.453902036,1,0.54397822,0.356606637,0.587883643
MGG_09898T0 [263-282]|1xPhospho [S5(98.9)]|[R].DRAHSPAPSGHSIGGYFSSK.[N],MGG_09898T0 [263-282],1xPhospho [S5(98.9)],TRUE,[R].DRAHSPAPSGHSIGGYFSSK.[N],0,0,1,0.349469048,0.775303791,0.389440346,0,0.35194235,0,0.225010069,0.376493814,0.212509249
MGG_14517T0 [507-521]|1xPhospho [T9(85)]|[R].GRASEGDATHSATHR.[H],MGG_14517T0 [507-521],1xPhospho [T9(85)],TRUE,[R].GRASEGDATHSATHR.[H],0,0,0.809251411,0.35619766,0.503103253,0.412964378,0.97761899,0.457211657,1,0.473474317,0.245193271,0.505535531
MGG_14517T0 [507-521]|1xPhospho [T/S]|[R].GRASEGDATHSATHR.[H],MGG_14517T0 [507-521],1xPhospho [T/S],FALSE,[R].GRASEGDATHSATHR.[H],0,0,0.809251411,0.35619766,0.503103253,0.412964378,0.97761899,0.457211657,1,0.473474317,0.245193271,0.505535531
MGG_05871T0 [499-515]|1xPhospho [S3(95.5)]|[R].RASTSVLHQSVVESLVR.[Y],MGG_05871T0 [499-515],1xPhospho [S3(95.5)],TRUE,[R].RASTSVLHQSVVESLVR.[Y],0,0,0,0.772287873,0,0.725788492,0,1,0.799402758,0.431942669,0,0
MGG_05871T0 [499-515]|1xPhospho [S5(87.9)]|[R].RASTSVLHQSVVESLVR.[Y],MGG_05871T0 [499-515],1xPhospho [S5(87.9)],TRUE,[R].RASTSVLHQSVVESLVR.[Y],0,0,0,0.772287873,0,0.725788492,0,1,0.799402758,0.431942669,0,0
MGG_05871T0 [499-515]|1xPhospho [S/T]|[R].RASTSVLHQSVVESLVR.[Y],MGG_05871T0 [499-515],1xPhospho [S/T],FALSE,[R].RASTSVLHQSVVESLVR.[Y],0,0,0,0.772287873,0,0.725788492,0,1,0.799402758,0.431942669,0,0
